{"loss": [NaN, NaN, NaN, NaN, NaN, NaN, NaN, NaN, NaN, NaN, NaN, NaN, NaN, NaN, NaN, NaN, NaN, NaN, NaN, NaN, NaN, NaN, NaN, NaN, NaN, NaN, NaN, NaN, NaN, NaN, NaN, NaN, NaN, NaN, NaN, NaN, NaN, NaN, NaN, NaN, NaN, NaN, NaN, NaN, NaN, NaN, NaN, NaN, NaN, NaN, NaN, NaN, NaN, NaN, NaN, NaN], "mean_squared_error": [NaN, NaN, NaN, NaN, NaN, NaN, NaN, NaN, NaN, NaN, NaN, NaN, NaN, NaN, NaN, NaN, NaN, NaN, NaN, NaN, NaN, NaN, NaN, NaN, NaN, NaN, NaN, NaN, NaN, NaN, NaN, NaN, NaN, NaN, NaN, NaN, NaN, NaN, NaN, NaN, NaN, NaN, NaN, NaN, NaN, NaN, NaN, NaN, NaN, NaN, NaN, NaN, NaN, NaN, NaN, NaN], "mean_absolute_error": [NaN, NaN, NaN, NaN, NaN, NaN, NaN, NaN, NaN, NaN, NaN, NaN, NaN, NaN, NaN, NaN, NaN, NaN, NaN, NaN, NaN, NaN, NaN, NaN, NaN, NaN, NaN, NaN, NaN, NaN, NaN, NaN, NaN, NaN, NaN, NaN, NaN, NaN, NaN, NaN, NaN, NaN, NaN, NaN, NaN, NaN, NaN, NaN, NaN, NaN, NaN, NaN, NaN, NaN, NaN, NaN], "mean_q": [NaN, NaN, NaN, NaN, NaN, NaN, NaN, NaN, NaN, NaN, NaN, NaN, NaN, NaN, NaN, NaN, NaN, NaN, NaN, NaN, NaN, NaN, NaN, NaN, NaN, NaN, NaN, NaN, NaN, NaN, NaN, NaN, NaN, NaN, NaN, NaN, NaN, NaN, NaN, NaN, NaN, NaN, NaN, NaN, NaN, NaN, NaN, NaN, NaN, NaN, NaN, NaN, NaN, NaN, NaN, NaN], "mean_eps": [NaN, NaN, NaN, NaN, NaN, NaN, NaN, NaN, NaN, NaN, NaN, NaN, NaN, NaN, NaN, NaN, NaN, NaN, NaN, NaN, NaN, NaN, NaN, NaN, NaN, NaN, NaN, NaN, NaN, NaN, NaN, NaN, NaN, NaN, NaN, NaN, NaN, NaN, NaN, NaN, NaN, NaN, NaN, NaN, NaN, NaN, NaN, NaN, NaN, NaN, NaN, NaN, NaN, NaN, NaN, NaN], "episode_reward": [-4.355670103092783, -5.0, -4.466666666666667, -4.537190082644628, -5.0, -5.0, -5.0, -4.895604395604396, -3.1218356572356845, -4.394366197183099, -4.540816326530612, -4.585162655382174, -4.994152046783626, -4.823529411764706, -5.0, -5.0, -3.32258064516129, -4.223636134559658, -4.212286055459732, -5.0, -5.0, -4.607843137254902, -5.0, -4.677539759818241, -4.32051282051282, -4.561866373518994, -5.0, -4.1260178363706865, -3.5398230088495577, -4.8173076923076925, -3.2355371900826446, -4.371407696054554, -3.101214574898785, -4.2893617021276595, -5.0, -4.618055555555555, -4.292887029288703, -4.545454545454546, -4.245762711864407, -4.37443834248627, -5.0, -4.517699115044248, -4.625, -3.268518518518518, -4.463768115942029, -4.672897196261682, -4.528925619834711, -5.0, -5.0, -3.3544303797468356, -5.0, -3.1170476452767835, -5.0, -4.532967032967033, -4.811881188118812, -3.3052631578947365], "nb_episode_steps": [62, 24, 65, 62, 61, 54, 42, 62, 75, 65, 62, 62, 62, 62, 21, 20, 71, 62, 62, 53, 29, 62, 21, 62, 62, 62, 59, 64, 73, 62, 69, 62, 68, 62, 21, 62, 62, 63, 64, 62, 20, 62, 62, 74, 62, 62, 62, 53, 21, 68, 52, 68, 32, 62, 62, 75], "nb_steps": [62, 86, 151, 213, 274, 328, 370, 432, 507, 572, 634, 696, 758, 820, 841, 861, 932, 994, 1056, 1109, 1138, 1200, 1221, 1283, 1345, 1407, 1466, 1530, 1603, 1665, 1734, 1796, 1864, 1926, 1947, 2009, 2071, 2134, 2198, 2260, 2280, 2342, 2404, 2478, 2540, 2602, 2664, 2717, 2738, 2806, 2858, 2926, 2958, 3020, 3082, 3157], "episode": [0, 1, 2, 3, 4, 5, 6, 7, 8, 9, 10, 11, 12, 13, 14, 15, 16, 17, 18, 19, 20, 21, 22, 23, 24, 25, 26, 27, 28, 29, 30, 31, 32, 33, 34, 35, 36, 37, 38, 39, 40, 41, 42, 43, 44, 45, 46, 47, 48, 49, 50, 51, 52, 53, 54, 55], "duration": [1.1203535940003349, 0.40645839199896727, 1.1084997040015878, 1.0597461550005391, 1.0380343219985662, 0.9428092849993845, 0.7153324289993179, 1.0589512739989004, 1.2912468710001122, 1.1236455440011923, 1.0597272969989717, 1.0619194789996982, 1.0833090360010829, 1.0940679219984304, 0.3641282639982819, 0.34943068199936533, 1.2543913450008404, 1.0969332589993428, 1.086909003999608, 0.9319591679995938, 0.5067649380016519, 1.093582374000107, 0.36310695500105794, 1.0881123449998995, 1.0950475839999854, 1.0897207409998373, 1.052727397000126, 1.1284812350004358, 1.2883995180000056, 1.0887199019998661, 1.2192249090003315, 1.098582777998672, 1.202352238999083, 1.11229853399891, 0.36750519999986864, 1.1394390549994569, 1.0986306169997988, 1.1018330400002014, 1.1406610660014849, 1.0890483470011532, 0.3550123020013416, 1.1070936050000455, 1.0930039419999957, 1.3110459979998268, 1.1614270170011878, 1.0926144249988283, 1.1046046599985857, 0.9367549609996786, 0.3696082770002249, 1.2241117319990735, 0.9294087320013205, 1.2311366579997411, 0.5782464800013258, 1.1247725910016015, 1.1243060140004673, 1.3507676150002226]}